NroLicitacion;NombreLicitacion;TipoLicitacion;Descripcion;MonedaLicitacion;MontoEstimadoLicitacion;MontoEstimadoVisible;BaseEstimacionMontoLicitacion;FuenteFinanciamiento;JustificacionMontoEstimado;FechaPublicacion;FechaInicioPreguntas;FechaFinalPreguntas;FechaPublicacionRespuestas;FechaActoAperturaTecnica;FechaActoAperturaEconomica;FechaCierre;FechaAdjudicacion;FechaEntregaEnSoporteFisico;FechaEstimadaEvaluacionOfertas;UnidadTiempoEvaluacion;EstadoLicitacion;ContemplaObrasPublicas;LicitacionInformada;LicitacionBaseTipo;TipoAdjudicacion;TipoAprobacionAdjudicacion;NumeroActaAprobacion;FechaActaAprobacion;TipoConvocatoria;NroEtapasLicitacion;SubContratacion;ProhibicionSubContratacion;TomaRazonContraloria;PublicidadOfertasTecnicas;RazonPublicidadOfertasTecnicas;Contrato;TiempoDuracionContrato;UnidadTiempoDuracionContrato;ContratoRenovable;ValorTiempoRenovacion;UnidadTiempoRenovacion;FechaEstimadaFirmaContrato;TipoEjecucion;PlazoPagoContrato;TipoPago;ObservacionContrato;ExtensionPlazo;UnidadCompra;UnidadCompraRUT;entCode;Institucion;Sector;RubroN1;RubroN2;RubroN3;CodigoProductoONU;ONUProducto;NombreItem;DescripcionItem;UnidadMedida;CantidadItem;Proveedor;ProveedorRUT;ActividadProveedor;TamanoProveedor;NombreOferta;EspecificacionesProveedor;EstadoOferta;CantidadOferta;MonedaOferta;MontoNetoOferta;MontoTotalOferta;ResultadoOferta
2735-192-LE17;ADQUISICÓN Y MANTENCIÓN PALAS DE NIEVE Y ALZADORES;Licitación Pública Entre 100 y 1000 UTM (LE);ADQUISICIÓN Y MANTENCIÓN DE PALAS DE NIEVE Y ALZADORES DE CONTENEDORES.;CLP;34363755;NO;Presupuesto disponible;MUNICIPALIDAD DE LO BARNECHEA ;;23-02-2018 17:44:00;23-02-2018 19:00:00;28-02-2018 12:30:00;07-03-2018 23:30:00;12-03-2018 15:30:00;12-03-2018 15:30:00;12-03-2018 15:00:00;11-05-2018 16:53:32;;;Horas;Adjudicada;NO;NO;;Multiple con Orden de Compra;Decreto;359;09-05-2018 0:00:00;Abierta;Una etapa;No;;No;Si;;Si;0;Horas;;0;;;;A 30 dias;Cheque;;NO;Municipalidad de lo Barnechea - Adquisiciones - Consistorial;69.255.200-8;100155;I MUNICIPALIDAD LO BARNECHEA;MUNICIPALIDADES;Vehículos y equipamiento en general;Carrocerías y remolques;Remolques para carga;25181709;Pala cargadora;Pala cargadora;pala barre nieve camión;Unidad;1;PENA SPOERER Y CIA S A;96.877.150-7;FABRICACION DE OTROS PRODUCTOS ELABORADOS DE METAL N.C.P.| FABRICACION DE OTRO TIPO DE MAQUINARIAS DE USO GENERAL| VENTA AL POR MAYOR DE VEHICULOS AUTOMOTORES (IMPORTACION, DISTRIBUCION| VENTA AL POR MAYOR DE OTROS ENSERES DOMESTICOS N.C.P.| VENTA AL POR ;Mediana;Oferta Pesco;ALZA CONTENEDOR BAYNE MODELO EVTL 2212;Aceptada;1;CLP;4771650;4771650;Ganadora
2735-192-LE17;ADQUISICÓN Y MANTENCIÓN PALAS DE NIEVE Y ALZADORES;Licitación Pública Entre 100 y 1000 UTM (LE);ADQUISICIÓN Y MANTENCIÓN DE PALAS DE NIEVE Y ALZADORES DE CONTENEDORES.;CLP;34363755;NO;Presupuesto disponible;MUNICIPALIDAD DE LO BARNECHEA ;;23-02-2018 17:44:00;23-02-2018 19:00:00;28-02-2018 12:30:00;07-03-2018 23:30:00;12-03-2018 15:30:00;12-03-2018 15:30:00;12-03-2018 15:00:00;11-05-2018 16:53:32;;;Horas;Adjudicada;NO;NO;;Multiple con Orden de Compra;Decreto;359;09-05-2018 0:00:00;Abierta;Una etapa;No;;No;Si;;Si;0;Horas;;0;;;;A 30 dias;Cheque;;NO;Municipalidad de lo Barnechea - Adquisiciones - Consistorial;69.255.200-8;100155;I MUNICIPALIDAD LO BARNECHEA;MUNICIPALIDADES;Vehículos y equipamiento en general;Carrocerías y remolques;Remolques para carga;25181709;Pala cargadora;Pala cargadora;pala barre nieve camioneta;Unidad;1;PENA SPOERER Y CIA S A;96.877.150-7;FABRICACION DE OTROS PRODUCTOS ELABORADOS DE METAL N.C.P.| FABRICACION DE OTRO TIPO DE MAQUINARIAS DE USO GENERAL| VENTA AL POR MAYOR DE VEHICULOS AUTOMOTORES (IMPORTACION, DISTRIBUCION| VENTA AL POR MAYOR DE OTROS ENSERES DOMESTICOS N.C.P.| VENTA AL POR ;Mediana;Oferta Pesco;PALA BARRENIEVE MODELO 370.003;Aceptada;1;CLP;9506579;9506579;Ganadora
2735-192-LE17;ADQUISICÓN Y MANTENCIÓN PALAS DE NIEVE Y ALZADORES;Licitación Pública Entre 100 y 1000 UTM (LE);ADQUISICIÓN Y MANTENCIÓN DE PALAS DE NIEVE Y ALZADORES DE CONTENEDORES.;CLP;34363755;NO;Presupuesto disponible;MUNICIPALIDAD DE LO BARNECHEA ;;23-02-2018 17:44:00;23-02-2018 19:00:00;28-02-2018 12:30:00;07-03-2018 23:30:00;12-03-2018 15:30:00;12-03-2018 15:30:00;12-03-2018 15:00:00;11-05-2018 16:53:32;;;Horas;Adjudicada;NO;NO;;Multiple con Orden de Compra;Decreto;359;09-05-2018 0:00:00;Abierta;Una etapa;No;;No;Si;;Si;0;Horas;;0;;;;A 30 dias;Cheque;;NO;Municipalidad de lo Barnechea - Adquisiciones - Consistorial;69.255.200-8;100155;I MUNICIPALIDAD LO BARNECHEA;MUNICIPALIDADES;Equipamiento para manejo y estiba de materiales;Maquinaria para manejo de materiales;Equipo de elevación;24101629;Accesorios o suministros de elevador de horquilla o transportador vertical;Accesorios o suministros de elevador de horquilla o transportador vertical;alzador o elevador frontal;Unidad;1;PENA SPOERER Y CIA S A;96.877.150-7;FABRICACION DE OTROS PRODUCTOS ELABORADOS DE METAL N.C.P.| FABRICACION DE OTRO TIPO DE MAQUINARIAS DE USO GENERAL| VENTA AL POR MAYOR DE VEHICULOS AUTOMOTORES (IMPORTACION, DISTRIBUCION| VENTA AL POR MAYOR DE OTROS ENSERES DOMESTICOS N.C.P.| VENTA AL POR ;Mediana;Oferta Pesco;PALA BARRENIEVE MODELO SB-10;Aceptada;1;CLP;20085526;20085526;Ganadora
2735-13-LE18;Confección e instalación de mueble estante;Licitación Pública Entre 100 y 1000 UTM (LE);Se requiere la confección e instalación de un mueble estante en dependencia municipal.;CLP;4800000;NO;Presupuesto disponible;;;23-02-2018 17:47:00;23-02-2018 19:05:00;01-03-2018 15:30:00;13-03-2018 23:59:00;16-03-2018 15:31:00;16-03-2018 15:31:00;16-03-2018 15:01:00;03-05-2018 16:58:19;;;Horas;Adjudicada;NO;NO;;Multiple con Orden de Compra;Decreto;98;02-05-2018 0:00:00;Abierta;Una etapa;No;;No;Si;;Si;0;Horas;;0;;;;A 30 dias;Transferencia Electronica, Cheque;;NO;Municipalidad de lo Barnechea - Adquisiciones - Consistorial;69.255.200-8;100155;I MUNICIPALIDAD LO BARNECHEA;MUNICIPALIDADES;Muebles y mobiliario;Muebles de alojamiento;Muebles;56101518;Estantes de pared;Estantes de pared;Confección de mueble estante;Unidad;1;ALEJANDRO PATRICIO MUNOZ ZAMORANO;9.884.048-6;-;Micro;MUEBLE ESTANTE PARA DEPENDENCIA MUNICIPAL;Mueble estructurado en sus costados laterales por costillas de Terciado  de 18 mm. Con tapas de MDF enchapado Encina o similar, teñida y barnizada con poliuretano marca Milesi o equivalente técnico, tono a definir a partir de muestras . Repisas regulables en cristal templado extra blanco 20 mm. con soporta repisas de acero inoxidable y casquillos.                                                  ;Aceptada;1;CLP;4800000;4800000;Ganadora
2735-13-LE18;Confección e instalación de mueble estante;Licitación Pública Entre 100 y 1000 UTM (LE);Se requiere la confección e instalación de un mueble estante en dependencia municipal.;CLP;4800000;NO;Presupuesto disponible;;;23-02-2018 17:47:00;23-02-2018 19:05:00;01-03-2018 15:30:00;13-03-2018 23:59:00;16-03-2018 15:31:00;16-03-2018 15:31:00;16-03-2018 15:01:00;03-05-2018 16:58:19;;;Horas;Adjudicada;NO;NO;;Multiple con Orden de Compra;Decreto;98;02-05-2018 0:00:00;Abierta;Una etapa;No;;No;Si;;Si;0;Horas;;0;;;;A 30 dias;Transferencia Electronica, Cheque;;NO;Municipalidad de lo Barnechea - Adquisiciones - Consistorial;69.255.200-8;100155;I MUNICIPALIDAD LO BARNECHEA;MUNICIPALIDADES;Muebles y mobiliario;Muebles de alojamiento;Muebles;56101518;Estantes de pared;Estantes de pared;Confección de mueble estante;Unidad;1;FILTROS ABSOLUTOS CHILE SPA;52.004.939-8;COM.FILTROS DE AIRE,VENTA DE MUEBLES ESPECIALES DE;Pequeña;Oferta Confección e instalación de mueble estante;Confección de mueble estante;Aceptada;1;CLP;9435000;9435000;Perdedora
2735-13-LE18;Confección e instalación de mueble estante;Licitación Pública Entre 100 y 1000 UTM (LE);Se requiere la confección e instalación de un mueble estante en dependencia municipal.;CLP;4800000;NO;Presupuesto disponible;;;23-02-2018 17:47:00;23-02-2018 19:05:00;01-03-2018 15:30:00;13-03-2018 23:59:00;16-03-2018 15:31:00;16-03-2018 15:31:00;16-03-2018 15:01:00;03-05-2018 16:58:19;;;Horas;Adjudicada;NO;NO;;Multiple con Orden de Compra;Decreto;98;02-05-2018 0:00:00;Abierta;Una etapa;No;;No;Si;;Si;0;Horas;;0;;;;A 30 dias;Transferencia Electronica, Cheque;;NO;Municipalidad de lo Barnechea - Adquisiciones - Consistorial;69.255.200-8;100155;I MUNICIPALIDAD LO BARNECHEA;MUNICIPALIDADES;Muebles y mobiliario;Muebles de alojamiento;Muebles;56101518;Estantes de pared;Estantes de pared;Confección de mueble estante;Unidad;1;COMERCIAL E INDUSTRIAL MUEBLES ASENJO LIMITADA;77.018.060-0;FABRICACION DE MUEBLES PRINCIPALMENTE DE MADERA| FABRICACION DE OTROS MUEBLES N.C.P., INCLUSO COLCHONES| OBRAS MENORES EN CONSTRUCCION (CONTRATISTAS, ALBANILES, CARPINTEROS)| VENTA AL POR MENOR DE MUEBLES  INCLUYE COLCHONES| VENTA AL POR MENOR DE ARTICULO;Mediana;Presupuesto mobiliario;Segun EETT Adjuntas.;Rechazada;1;CLP;3250300;3250300;Perdedora
2735-14-LE18;adquisición silla salva escaleras;Licitación Pública Entre 100 y 1000 UTM (LE);adquisición silla salva escaleras;CLP;11392600;NO;Presupuesto disponible;MUNICIPALIDAD DE LO BARNECHEA ;;06-02-2018 19:44:00;06-02-2018 23:59:00;13-02-2018 12:59:00;19-02-2018 23:59:00;22-02-2018 15:30:00;22-02-2018 15:30:00;22-02-2018 15:00:00;26-03-2018 18:16:07;;;Horas;Adjudicada;NO;NO;;Multiple con Orden de Compra;Decreto;69;26-03-2018 0:00:00;Abierta;Una etapa;No;;No;Si;;Si;0;Horas;;0;;;;A 30 dias;Cheque;;NO;Municipalidad de lo Barnechea - Adquisiciones - Consistorial;69.255.200-8;100155;I MUNICIPALIDAD LO BARNECHEA;MUNICIPALIDADES;Equipamiento para manejo y estiba de materiales;Maquinaria para manejo de materiales;Equipo de elevación;24101604;Elevadores;Elevadores;Silla Salva escaleras;Unidad;1;Movilidad Total S.A.;76.219.905-k;Comercio;Pequeña;ADQUISICIÓN INSTALACIÓN Y MANTENCIÓN PREVENTIVA DE UNA SILLA SALVAESCALERAS EDIFICIO CENTRO CÍVICO;MOVILIDAD TOTAL S.A. RUT: 76.219.905-k DIRECCIÓN: AV. FRANCISCO BILBAO 985 COMUNA: PROVIDENCIA CIUDAD: SANTIAGO CORREO: fernando@protor.net FONO: 222045912 ;Aceptada;1;CLP;11392600;11392600;Ganadora
2735-16-L118;Retiro, Adquisicion e Instalacion Sillon Dental;Licitación Pública Menor a 100 UTM (L1);Servicio de retiro, Adquisición e Instalación de Sillón Dental para Centro de Salud;CLP;3064612;Si;Presupuesto disponible;Prog. Apoyo  Gestión Local en Atención Primaria;;05-02-2018 17:51:12;05-02-2018 18:00:00;09-02-2018 10:00:00;13-02-2018 18:30:00;15-02-2018 15:31:00;15-02-2018 15:31:00;15-02-2018 15:30:00;02-03-2018 11:41:59;;;Horas;Adjudicada;NO;NO;;Multiple con Orden de Compra;Decreto;Decreto DAB N° 12;01-03-2018 0:00:00;Abierta;Una etapa;Si;;No;Si;;No;0;Horas;;0;;;;A 30 dias;Transferencia Electronica, Cheque;;NO;Municipalidad de lo Barnechea - Adquisiciones - Consistorial;69.255.200-8;100155;I MUNICIPALIDAD LO BARNECHEA;MUNICIPALIDADES;Equipamiento y suministros médicos;Equipos y suministros odontológicos;Muebles para la clínica dental;42151701;Sillas de examen dental o piezas o accesorios relacionados;Sillas de examen dental o piezas o accesorios relacionados;Sillón dental de acuerdo a lo señalado en Bases Administrativas Generales y Técnicas;Unidad;1;SOC DE MANUFACTURA DE EQUIPOS DENTALES LIMITADA;85.025.400-1;VENTAS AL POR MENOR DE OTROS PRODUCTOS EN ALMACENES ESPECIALIZADOS N.C| COMPRA, VENTA Y ALQUILER (EXCEPTO AMOBLADOS) DE INMUEBLES PROPIOS O AR;Grande;dental19;UNIDAD DENTAL KAVO MODELO UNIK CONFORT, CON SILLON ANATOMICO, FOCO DENTAL, SALIVERA CON EYECTOR Y HEMOSUCTOR, BRAQUET CON JERINGA TRIPLE Y DOS MODULOS PARA ALTA Y BAJA, 2 TABURETES, INCLUYE FLETE, DESINTALACION, INSTALACIÓN, PUESTA EN MARCA,CAPACITACIÓN ;Aceptada;1;CLP;3214425;3214425;Perdedora
2735-16-L118;Retiro, Adquisicion e Instalacion Sillon Dental;Licitación Pública Menor a 100 UTM (L1);Servicio de retiro, Adquisición e Instalación de Sillón Dental para Centro de Salud;CLP;3064612;Si;Presupuesto disponible;Prog. Apoyo  Gestión Local en Atención Primaria;;05-02-2018 17:51:12;05-02-2018 18:00:00;09-02-2018 10:00:00;13-02-2018 18:30:00;15-02-2018 15:31:00;15-02-2018 15:31:00;15-02-2018 15:30:00;02-03-2018 11:41:59;;;Horas;Adjudicada;NO;NO;;Multiple con Orden de Compra;Decreto;Decreto DAB N° 12;01-03-2018 0:00:00;Abierta;Una etapa;Si;;No;Si;;No;0;Horas;;0;;;;A 30 dias;Transferencia Electronica, Cheque;;NO;Municipalidad de lo Barnechea - Adquisiciones - Consistorial;69.255.200-8;100155;I MUNICIPALIDAD LO BARNECHEA;MUNICIPALIDADES;Equipamiento y suministros médicos;Equipos y suministros odontológicos;Muebles para la clínica dental;42151701;Sillas de examen dental o piezas o accesorios relacionados;Sillas de examen dental o piezas o accesorios relacionados;Sillón dental de acuerdo a lo señalado en Bases Administrativas Generales y Técnicas;Unidad;1;DENTAL LAVAL LIMITADA;79.595.850-9;VENTA AL POR MENOR DE OTROS PRODUCTOS EN PEQUENOS ALMACENES NO ESPECIA;Grande;Retiro Adquisicion e Instalacion Sillon Dental;OFRECEMOS SILLON DENTAL MARCA OLSEN DE BRASIL, MODELO QUALITY FLEX. ENTREGA EN 3 DIAS HABILES. RETIRO, FLETE E INSTALACION INCLUIDOS. GARANTIA 24 MESES. SERVICIO TECNICO PROPIO AUTORIZADO EN LA REGION METROPOLITANA. REPUESTOS ORIGINALES PERMANENTES.;Aceptada;1;CLP;3064612;3064612;Ganadora
2735-16-L118;Retiro, Adquisicion e Instalacion Sillon Dental;Licitación Pública Menor a 100 UTM (L1);Servicio de retiro, Adquisición e Instalación de Sillón Dental para Centro de Salud;CLP;3064612;Si;Presupuesto disponible;Prog. Apoyo  Gestión Local en Atención Primaria;;05-02-2018 17:51:12;05-02-2018 18:00:00;09-02-2018 10:00:00;13-02-2018 18:30:00;15-02-2018 15:31:00;15-02-2018 15:31:00;15-02-2018 15:30:00;02-03-2018 11:41:59;;;Horas;Adjudicada;NO;NO;;Multiple con Orden de Compra;Decreto;Decreto DAB N° 12;01-03-2018 0:00:00;Abierta;Una etapa;Si;;No;Si;;No;0;Horas;;0;;;;A 30 dias;Transferencia Electronica, Cheque;;NO;Municipalidad de lo Barnechea - Adquisiciones - Consistorial;69.255.200-8;100155;I MUNICIPALIDAD LO BARNECHEA;MUNICIPALIDADES;Equipamiento y suministros médicos;Equipos y suministros odontológicos;Muebles para la clínica dental;42151701;Sillas de examen dental o piezas o accesorios relacionados;Sillas de examen dental o piezas o accesorios relacionados;Sillón dental de acuerdo a lo señalado en Bases Administrativas Generales y Técnicas;Unidad;1;GEMCO GENERAL MACHINERY S.A.;76.142.730-k;FABRICACION DE OTROS TIPOS DE EQUIPO ELECTRICO N.C.P.| VENTA AL POR MAYOR DE MAQUINARIA, HERRAMIENTAS, EQUIPO Y MATERIALES N.| VENTA AL POR MAYOR DE OTROS PRODUCTOS N.C.P.| VENTA AL POR MENOR DE ARTICULOS ORTOPEDICOS| COMERCIO AL POR MENOR DE COMPUTADORAS;Pequeña;UNIDAD DENTAL MARCA DABI ATLANTE MOD.NEW CROMA ;UNIDAD DENTAL MARCA DABI ATLANTE, BRASIL, MOD.NEW CROMA OFERTA INCLUYE FLETE,INSTALACIÓN Y CAPACITACIÓN.  GARANTÍA 24 MESES. ;Aceptada;1;CLP;3559415;3559415;Perdedora
2735-16-L118;Retiro, Adquisicion e Instalacion Sillon Dental;Licitación Pública Menor a 100 UTM (L1);Servicio de retiro, Adquisición e Instalación de Sillón Dental para Centro de Salud;CLP;3064612;Si;Presupuesto disponible;Prog. Apoyo  Gestión Local en Atención Primaria;;05-02-2018 17:51:12;05-02-2018 18:00:00;09-02-2018 10:00:00;13-02-2018 18:30:00;15-02-2018 15:31:00;15-02-2018 15:31:00;15-02-2018 15:30:00;02-03-2018 11:41:59;;;Horas;Adjudicada;NO;NO;;Multiple con Orden de Compra;Decreto;Decreto DAB N° 12;01-03-2018 0:00:00;Abierta;Una etapa;Si;;No;Si;;No;0;Horas;;0;;;;A 30 dias;Transferencia Electronica, Cheque;;NO;Municipalidad de lo Barnechea - Adquisiciones - Consistorial;69.255.200-8;100155;I MUNICIPALIDAD LO BARNECHEA;MUNICIPALIDADES;Equipamiento y suministros médicos;Equipos y suministros odontológicos;Muebles para la clínica dental;42151701;Sillas de examen dental o piezas o accesorios relacionados;Sillas de examen dental o piezas o accesorios relacionados;Sillón dental de acuerdo a lo señalado en Bases Administrativas Generales y Técnicas;Unidad;1;BIOTECH LIMITADA;76.006.366-5;REPARACION OTROS TIPOS DE MAQUINARIA Y EQUIPOS DE USO GENERAL| VENTA AL POR MAYOR DE MAQUINARIA, HERRAMIENTAS, EQUIPO Y MATERIALES N.;Grande;propuesta de oferta desintalación instalacion de sillón;SILLON DENTAL DE ACUERDO SIMILAR A LO SEÑALADO EN BASES ADMINISTRATIVAS. SILLON GH ANLE. MARCA AOL AMPLIO Y CONFORTABLE. ;Rechazada;1;CLP;2434538;2434538;Perdedora
2735-18-LE18;DIGITALIZADOR DE IMAGENES RADIOGRAFICAS;Licitación Pública Entre 100 y 1000 UTM (LE);Adquisición e instalación de un equipo para  obtener imágenes radiológicas dentales escaneadas en formato digital por medio de placas de fósforo,  para los beneficiarios inscritos del Centro de Salud de Lo Barnechea que requieran de este apoyo diagnóstico.;CLP;3700000;NO;Presupuesto disponible;;;14-02-2018 17:30:00;14-02-2018 21:03:00;19-02-2018 12:30:00;01-03-2018 23:30:00;05-03-2018 15:30:00;05-03-2018 15:30:00;05-03-2018 15:00:00;19-03-2018 17:51:40;;;Horas;Adjudicada;NO;NO;;Multiple con Orden de Compra;Decreto;59;19-03-2018 0:00:00;Abierta;Una etapa;No;;No;Si;;Si;0;Horas;;0;;;;A 30 dias;Cheque;;NO;Municipalidad de lo Barnechea - Adquisiciones - Consistorial;69.255.200-8;100155;I MUNICIPALIDAD LO BARNECHEA;MUNICIPALIDADES;Equipamiento y suministros médicos;Equipos y suministros odontológicos;Equipo y suministros para imágenes dentales;42152007;Duplicadores de radiografías odontológicas;Duplicadores de radiografías odontológicas;Digitalizador de imágenes radiograficas dentales escaneadas en formato digital por medio de placas de fósforo,  para los beneficiarios inscritos del Centro de Salud de Lo Barnechea que requieran de este apoyo diagnóstico.;Unidad;1;SERVICIOS Y ASESORIAS HEALTHSTORE S A;78.838.070-4;VENTA AL POR MAYOR DE OTROS PRODUCTOS N.C.P.| LEASING FINANCIERO| ASESORIAS EN LA GESTION DE LA COMPRA O VENTA DE PEQUENAS Y MEDIANAS EM| OTRAS ACTIVIDADES EMPRESARIALES RELACIONADAS CON LA SALUD HUMANA| ACTIVIDADES DE MANTENIMIENTO FISICO CORPORAL (BANOS;Micro;Digitalizador de imágenes dental;DIGITALIZADOR DE RADIOGRAFIAS DENTALES  DE PLACAS DE FOSFORO CON SW, PLACAS RADIOGRÁFICAS DENTALES Y FUNDAS PROTECTORAS MARCA CARESTREAM MODELO CS 7200 PROCEDENCIA FRANCIA ;Aceptada;1;CLP;4206000;4206000;Perdedora
2735-18-LE18;DIGITALIZADOR DE IMAGENES RADIOGRAFICAS;Licitación Pública Entre 100 y 1000 UTM (LE);Adquisición e instalación de un equipo para  obtener imágenes radiológicas dentales escaneadas en formato digital por medio de placas de fósforo,  para los beneficiarios inscritos del Centro de Salud de Lo Barnechea que requieran de este apoyo diagnóstico.;CLP;3700000;NO;Presupuesto disponible;;;14-02-2018 17:30:00;14-02-2018 21:03:00;19-02-2018 12:30:00;01-03-2018 23:30:00;05-03-2018 15:30:00;05-03-2018 15:30:00;05-03-2018 15:00:00;19-03-2018 17:51:40;;;Horas;Adjudicada;NO;NO;;Multiple con Orden de Compra;Decreto;59;19-03-2018 0:00:00;Abierta;Una etapa;No;;No;Si;;Si;0;Horas;;0;;;;A 30 dias;Cheque;;NO;Municipalidad de lo Barnechea - Adquisiciones - Consistorial;69.255.200-8;100155;I MUNICIPALIDAD LO BARNECHEA;MUNICIPALIDADES;Equipamiento y suministros médicos;Equipos y suministros odontológicos;Equipo y suministros para imágenes dentales;42152007;Duplicadores de radiografías odontológicas;Duplicadores de radiografías odontológicas;Digitalizador de imágenes radiograficas dentales escaneadas en formato digital por medio de placas de fósforo,  para los beneficiarios inscritos del Centro de Salud de Lo Barnechea que requieran de este apoyo diagnóstico.;Unidad;1;IMPORTADORA SURDENT LIMITADA;86.316.500-8;FABRICACION DE EQUIPO MEDICO Y QUIRURGICO, Y DE APARATOS ORTOPEDICOS| VENTAS AL POR MENOR DE OTROS PRODUCTOS EN ALMACENES ESPECIALIZADOS N.C;Mediana;Oferta Equipo para odontologia.;DIGITALIZADOR VISTA SCAN MINI EASY, INCLUYE SOFTWARE  DBSWIN, 12 PLACAS ADULTO, 2 PLACASNIÑO, 300 FUNDAS ADULTO Y 100 FUNDAS NIÑO. MARCA DURR DENTAL. ALEMANA,;Aceptada;1;CLP;3882000;3882000;Perdedora
2735-18-LE18;DIGITALIZADOR DE IMAGENES RADIOGRAFICAS;Licitación Pública Entre 100 y 1000 UTM (LE);Adquisición e instalación de un equipo para  obtener imágenes radiológicas dentales escaneadas en formato digital por medio de placas de fósforo,  para los beneficiarios inscritos del Centro de Salud de Lo Barnechea que requieran de este apoyo diagnóstico.;CLP;3700000;NO;Presupuesto disponible;;;14-02-2018 17:30:00;14-02-2018 21:03:00;19-02-2018 12:30:00;01-03-2018 23:30:00;05-03-2018 15:30:00;05-03-2018 15:30:00;05-03-2018 15:00:00;19-03-2018 17:51:40;;;Horas;Adjudicada;NO;NO;;Multiple con Orden de Compra;Decreto;59;19-03-2018 0:00:00;Abierta;Una etapa;No;;No;Si;;Si;0;Horas;;0;;;;A 30 dias;Cheque;;NO;Municipalidad de lo Barnechea - Adquisiciones - Consistorial;69.255.200-8;100155;I MUNICIPALIDAD LO BARNECHEA;MUNICIPALIDADES;Equipamiento y suministros médicos;Equipos y suministros odontológicos;Equipo y suministros para imágenes dentales;42152007;Duplicadores de radiografías odontológicas;Duplicadores de radiografías odontológicas;Digitalizador de imágenes radiograficas dentales escaneadas en formato digital por medio de placas de fósforo,  para los beneficiarios inscritos del Centro de Salud de Lo Barnechea que requieran de este apoyo diagnóstico.;Unidad;1;COMERCIAL HOSER SIROMAX LIMITADA;76.047.492-4;VENTA AL POR MAYOR DE OTROS PRODUCTOS N.C.P.| VENTAS AL POR MENOR DE OTROS PRODUCTOS EN ALMACENES ESPECIALIZADOS N.C| OTRAS ACTIVIDADES EMPRESARIALES N.C.P.;Mediana;DIGITALIZADOR DE IMAGENES RADIOGRAFICAS ;Digitalizador de placas de fósforo tamaño 0 y 2, placas reutilizables que se escanean en pocos segundos, incluye 2 placas tamaño 0 y 100 Fundas protectoras y 12 placas tamaño 2 y 300 fundas, además incluye instalación de Software Sidexis XG y capacitación;Aceptada;1;CLP;3700000;3700000;Ganadora
2735-18-LE18;DIGITALIZADOR DE IMAGENES RADIOGRAFICAS;Licitación Pública Entre 100 y 1000 UTM (LE);Adquisición e instalación de un equipo para  obtener imágenes radiológicas dentales escaneadas en formato digital por medio de placas de fósforo,  para los beneficiarios inscritos del Centro de Salud de Lo Barnechea que requieran de este apoyo diagnóstico.;CLP;3700000;NO;Presupuesto disponible;;;14-02-2018 17:30:00;14-02-2018 21:03:00;19-02-2018 12:30:00;01-03-2018 23:30:00;05-03-2018 15:30:00;05-03-2018 15:30:00;05-03-2018 15:00:00;19-03-2018 17:51:40;;;Horas;Adjudicada;NO;NO;;Multiple con Orden de Compra;Decreto;59;19-03-2018 0:00:00;Abierta;Una etapa;No;;No;Si;;Si;0;Horas;;0;;;;A 30 dias;Cheque;;NO;Municipalidad de lo Barnechea - Adquisiciones - Consistorial;69.255.200-8;100155;I MUNICIPALIDAD LO BARNECHEA;MUNICIPALIDADES;Equipamiento y suministros médicos;Equipos y suministros odontológicos;Equipo y suministros para imágenes dentales;42152007;Duplicadores de radiografías odontológicas;Duplicadores de radiografías odontológicas;Digitalizador de imágenes radiograficas dentales escaneadas en formato digital por medio de placas de fósforo,  para los beneficiarios inscritos del Centro de Salud de Lo Barnechea que requieran de este apoyo diagnóstico.;Unidad;1;DISTRIBUIDORA DE INSUMOS MEDICOS LIMITADA;76.069.336-7;VENTAS AL POR MENOR DE OTROS PRODUCTOS EN ALMACENES ESPECIALIZADOS N.C| REPARACIONES ELECTRICAS Y ELECTRONICAS;Micro;Dismed Ltda.;Digitalizador de Plate Dental Marca Carestream modelo CS7200, incluye 12 plates 2 y 2 plate tamaño 0, más 300 fundas tamaño 2 y 100 tamaño 0, no incluye PC;Aceptada;1;CLP;4056000;4056000;Perdedora
2735-18-LE18;DIGITALIZADOR DE IMAGENES RADIOGRAFICAS;Licitación Pública Entre 100 y 1000 UTM (LE);Adquisición e instalación de un equipo para  obtener imágenes radiológicas dentales escaneadas en formato digital por medio de placas de fósforo,  para los beneficiarios inscritos del Centro de Salud de Lo Barnechea que requieran de este apoyo diagnóstico.;CLP;3700000;NO;Presupuesto disponible;;;14-02-2018 17:30:00;14-02-2018 21:03:00;19-02-2018 12:30:00;01-03-2018 23:30:00;05-03-2018 15:30:00;05-03-2018 15:30:00;05-03-2018 15:00:00;19-03-2018 17:51:40;;;Horas;Adjudicada;NO;NO;;Multiple con Orden de Compra;Decreto;59;19-03-2018 0:00:00;Abierta;Una etapa;No;;No;Si;;Si;0;Horas;;0;;;;A 30 dias;Cheque;;NO;Municipalidad de lo Barnechea - Adquisiciones - Consistorial;69.255.200-8;100155;I MUNICIPALIDAD LO BARNECHEA;MUNICIPALIDADES;Equipamiento y suministros médicos;Equipos y suministros odontológicos;Equipo y suministros para imágenes dentales;42152007;Duplicadores de radiografías odontológicas;Duplicadores de radiografías odontológicas;Digitalizador de imágenes radiograficas dentales escaneadas en formato digital por medio de placas de fósforo,  para los beneficiarios inscritos del Centro de Salud de Lo Barnechea que requieran de este apoyo diagnóstico.;Unidad;1;MURUA Y ASOCIADOS LIMITADA;77.239.430-6;VENTA AL POR MAYOR DE OTROS PRODUCTOS N.C.P.| VENTAS AL POR MENOR DE OTROS PRODUCTOS EN ALMACENES ESPECIALIZADOS N.C| OTRAS ACTIVIDADES EMPRESARIALES N.C.P.;Pequeña;284;Digitalizador de imágenes radiograficas dentales, INSTRUMENTARIUM, GARANTIA 12 MESES.;Aceptada;1;CLP;6210100;6210100;Perdedora
2735-18-LE18;DIGITALIZADOR DE IMAGENES RADIOGRAFICAS;Licitación Pública Entre 100 y 1000 UTM (LE);Adquisición e instalación de un equipo para  obtener imágenes radiológicas dentales escaneadas en formato digital por medio de placas de fósforo,  para los beneficiarios inscritos del Centro de Salud de Lo Barnechea que requieran de este apoyo diagnóstico.;CLP;3700000;NO;Presupuesto disponible;;;14-02-2018 17:30:00;14-02-2018 21:03:00;19-02-2018 12:30:00;01-03-2018 23:30:00;05-03-2018 15:30:00;05-03-2018 15:30:00;05-03-2018 15:00:00;19-03-2018 17:51:40;;;Horas;Adjudicada;NO;NO;;Multiple con Orden de Compra;Decreto;59;19-03-2018 0:00:00;Abierta;Una etapa;No;;No;Si;;Si;0;Horas;;0;;;;A 30 dias;Cheque;;NO;Municipalidad de lo Barnechea - Adquisiciones - Consistorial;69.255.200-8;100155;I MUNICIPALIDAD LO BARNECHEA;MUNICIPALIDADES;Equipamiento y suministros médicos;Equipos y suministros odontológicos;Equipo y suministros para imágenes dentales;42152007;Duplicadores de radiografías odontológicas;Duplicadores de radiografías odontológicas;Digitalizador de imágenes radiograficas dentales escaneadas en formato digital por medio de placas de fósforo,  para los beneficiarios inscritos del Centro de Salud de Lo Barnechea que requieran de este apoyo diagnóstico.;Unidad;1;EXPRO SPA;99.574.460-0;VENTA AL POR MAYOR DE OTROS PRODUCTOS N.C.P.| VENTAS AL POR MENOR DE OTROS PRODUCTOS EN ALMACENES ESPECIALIZADOS N.C;Mediana;SENSOR PLACA SCANEO COMPLETO;MR. SENSOR RX PLACA FOSFORO SCANEO KIT FONA. INCLUYE:  6 PLACAS 1 T0, 2 T1, 2 T2, 1 T3. 6 PROTECTORES: 1 T0, 2 T1, 2 T2, 1 T3. 200 BOLSAS PROTECTORAS: 50 T0, 50 T1, 50 T2, 50 T3 -  2 PLACAS RX T0 - 10 PLACAS RX T2 - 1 CAJA FUNDAS PROTECTORAS TAMAÑO 0 -  100 UNID. - 3 CAJAS FUNDAS PROTECTORAS TAMAÑO 2 - 300 UNID. CAPACITACIÓN AL MOMENTO DE INSTALACIÓN.  1 MANTENCI  COD.3817-3871-3873 X5-3879-3881 ;Rechazada;1;CLP;5596810;5596810;Perdedora
2735-18-LE18;DIGITALIZADOR DE IMAGENES RADIOGRAFICAS;Licitación Pública Entre 100 y 1000 UTM (LE);Adquisición e instalación de un equipo para  obtener imágenes radiológicas dentales escaneadas en formato digital por medio de placas de fósforo,  para los beneficiarios inscritos del Centro de Salud de Lo Barnechea que requieran de este apoyo diagnóstico.;CLP;3700000;NO;Presupuesto disponible;;;14-02-2018 17:30:00;14-02-2018 21:03:00;19-02-2018 12:30:00;01-03-2018 23:30:00;05-03-2018 15:30:00;05-03-2018 15:30:00;05-03-2018 15:00:00;19-03-2018 17:51:40;;;Horas;Adjudicada;NO;NO;;Multiple con Orden de Compra;Decreto;59;19-03-2018 0:00:00;Abierta;Una etapa;No;;No;Si;;Si;0;Horas;;0;;;;A 30 dias;Cheque;;NO;Municipalidad de lo Barnechea - Adquisiciones - Consistorial;69.255.200-8;100155;I MUNICIPALIDAD LO BARNECHEA;MUNICIPALIDADES;Equipamiento y suministros médicos;Equipos y suministros odontológicos;Equipo y suministros para imágenes dentales;42152007;Duplicadores de radiografías odontológicas;Duplicadores de radiografías odontológicas;Digitalizador de imágenes radiograficas dentales escaneadas en formato digital por medio de placas de fósforo,  para los beneficiarios inscritos del Centro de Salud de Lo Barnechea que requieran de este apoyo diagnóstico.;Unidad;1;SOC DE MANUFACTURA DE EQUIPOS DENTALES LIMITADA;85.025.400-1;VENTAS AL POR MENOR DE OTROS PRODUCTOS EN ALMACENES ESPECIALIZADOS N.C| COMPRA, VENTA Y ALQUILER (EXCEPTO AMOBLADOS) DE INMUEBLES PROPIOS O AR;Grande;dental19;Digitalizador de imágenes radiograficas PLACA FOSFORO  MARCA  INSTRUMENTARIO, FINLANDIA MOD. EXPRESS. INCLUYE FLETE, INSTALACIÓN , PUESTA EN MARCHA , CAPACITACIÓN, 2 AÑOS DE GARANTIA.;Aceptada;1;CLP;5322000;5322000;Perdedora
2735-18-LE18;DIGITALIZADOR DE IMAGENES RADIOGRAFICAS;Licitación Pública Entre 100 y 1000 UTM (LE);Adquisición e instalación de un equipo para  obtener imágenes radiológicas dentales escaneadas en formato digital por medio de placas de fósforo,  para los beneficiarios inscritos del Centro de Salud de Lo Barnechea que requieran de este apoyo diagnóstico.;CLP;3700000;NO;Presupuesto disponible;;;14-02-2018 17:30:00;14-02-2018 21:03:00;19-02-2018 12:30:00;01-03-2018 23:30:00;05-03-2018 15:30:00;05-03-2018 15:30:00;05-03-2018 15:00:00;19-03-2018 17:51:40;;;Horas;Adjudicada;NO;NO;;Multiple con Orden de Compra;Decreto;59;19-03-2018 0:00:00;Abierta;Una etapa;No;;No;Si;;Si;0;Horas;;0;;;;A 30 dias;Cheque;;NO;Municipalidad de lo Barnechea - Adquisiciones - Consistorial;69.255.200-8;100155;I MUNICIPALIDAD LO BARNECHEA;MUNICIPALIDADES;Equipamiento y suministros médicos;Equipos y suministros odontológicos;Equipo y suministros para imágenes dentales;42152007;Duplicadores de radiografías odontológicas;Duplicadores de radiografías odontológicas;Digitalizador de imágenes radiograficas dentales escaneadas en formato digital por medio de placas de fósforo,  para los beneficiarios inscritos del Centro de Salud de Lo Barnechea que requieran de este apoyo diagnóstico.;Unidad;1;EXPRO SPA;99.574.460-0;VENTA AL POR MAYOR DE OTROS PRODUCTOS N.C.P.| VENTAS AL POR MENOR DE OTROS PRODUCTOS EN ALMACENES ESPECIALIZADOS N.C;Mediana;SENSOR PLACA FONA SCANEO ;MR.3817	SENSOR RX PLACA FOSFORO SCANEO KIT FONA. INCLUYE: 6 PLACAS: 1 T0, 2 T1, 2 T2, 1 T3. 6 PROTECTORES: 1 T0, 2T1, 2 T2, 1 T3. 200 BOLSAS: 50 T0, 50 T1, 50 T2, 50 T3. 12 MESES DE GARANTÍA.;Rechazada;1;CLP;4925546;4925546;Perdedora
2735-18-LE18;DIGITALIZADOR DE IMAGENES RADIOGRAFICAS;Licitación Pública Entre 100 y 1000 UTM (LE);Adquisición e instalación de un equipo para  obtener imágenes radiológicas dentales escaneadas en formato digital por medio de placas de fósforo,  para los beneficiarios inscritos del Centro de Salud de Lo Barnechea que requieran de este apoyo diagnóstico.;CLP;3700000;NO;Presupuesto disponible;;;14-02-2018 17:30:00;14-02-2018 21:03:00;19-02-2018 12:30:00;01-03-2018 23:30:00;05-03-2018 15:30:00;05-03-2018 15:30:00;05-03-2018 15:00:00;19-03-2018 17:51:40;;;Horas;Adjudicada;NO;NO;;Multiple con Orden de Compra;Decreto;59;19-03-2018 0:00:00;Abierta;Una etapa;No;;No;Si;;Si;0;Horas;;0;;;;A 30 dias;Cheque;;NO;Municipalidad de lo Barnechea - Adquisiciones - Consistorial;69.255.200-8;100155;I MUNICIPALIDAD LO BARNECHEA;MUNICIPALIDADES;Equipamiento y suministros médicos;Equipos y suministros odontológicos;Equipo y suministros para imágenes dentales;42152007;Duplicadores de radiografías odontológicas;Duplicadores de radiografías odontológicas;Digitalizador de imágenes radiograficas dentales escaneadas en formato digital por medio de placas de fósforo,  para los beneficiarios inscritos del Centro de Salud de Lo Barnechea que requieran de este apoyo diagnóstico.;Unidad;1;GEMCO GENERAL MACHINERY S.A.;76.142.730-k;FABRICACION DE OTROS TIPOS DE EQUIPO ELECTRICO N.C.P.| VENTA AL POR MAYOR DE MAQUINARIA, HERRAMIENTAS, EQUIPO Y MATERIALES N.| VENTA AL POR MAYOR DE OTROS PRODUCTOS N.C.P.| VENTA AL POR MENOR DE ARTICULOS ORTOPEDICOS| COMERCIO AL POR MENOR DE COMPUTADORAS;Pequeña;SCANX DUO MARCA AIR TECNIQUES DE U.S.A;SCANX DUO MARCA AIR TECNIQUES DE U.S.A. INCLUYE PLACA FOSFORICA 2,FLETE, INSTALACIÓN Y CAPACITACIÓN. GARANTÍA 24 MESES. ;Aceptada;1;CLP;4770525;4770525;Perdedora
2735-20-H218;PROVISIÓN E INSTALACIÓN DE ALUMBRADO PÚBLICO EN EL COLORADO Y FARELLONES ;Licitación Privada entre a 2000 y 5000 UTM (H2);La provisión e instalación de alumbrado público, en calles de El Colorado y en Camino Los Canteros de Farellones. Para estos efectos existirán dos tramos de ejecución simultanea del servicio: TRAMOS MOP: Provisión e instalación de alumbrado público, en calles de El Colorado, con gestión de permisos en MOP. TRAMOS SERVIU: Provisión e instalación de alumbrado público, en calles de El Colorado y en Camino Los Canteros de Farellones, con gestión de permisos SERVIU;CLP;155471671;NO;Precio Referencial;;;26-02-2018 18:41:00;27-02-2018 21:52:00;06-03-2018 15:00:00;29-03-2018 23:59:00;04-04-2018 15:31:00;04-04-2018 15:31:00;04-04-2018 15:30:00;20-04-2018 14:02:08;;;Horas;Adjudicada;NO;NO;;Multiple con Orden de Compra;Decreto;307;20-04-2018 0:00:00;Cerrada;Una etapa;No;;No;Si;;No;0;Horas;;0;;;;A 30 dias;Cheque;;NO;Municipalidad de lo Barnechea - Adquisiciones - Consistorial;69.255.200-8;100155;I MUNICIPALIDAD LO BARNECHEA;MUNICIPALIDADES;Artículos eléctricos y de iluminación;Artefactos y accesorios de iluminación;Iluminación de interiores;39111603;Alumbrado público;Alumbrado público;PROVISIÓN E NSTALACION DE ALUMBRADO PUBLICO EN EL COLORADO Y FARELLONES ;Unidad;1;CITELUM CHILE SPA;76.028.251-0;CONSTRUCCION DE CARRETERAS Y LINEAS DE FERROCARRIL| ALQUILER DE VEHICULOS AUTOMOTORES SIN CHOFER;Pequeña;PROVISIÓN E INSTALACIÓN DE ALUMBRADO PÚBLICO EN EL COLORADO Y FARELLONES;VALOR NETO OFERTA TOTAL;Aceptada;1;CLP;155471671;155471671;Ganadora
2735-22-L118;ADQUISICIÓN E INSTALACIÓN AIRE ACONDICIONADO;Licitación Pública Menor a 100 UTM (L1);4 EQUIPOS DE AIRE ACONDICIONADO E INSTALACIÓN DE LOS MISMOS, EN COLEGIO INSTITUTO ESTADOS AMERICANOS, LO BARNECHEA.;CLP;2420000;NO;Presupuesto disponible;Educación FAEP 2016;;16-02-2018 13:10:04;16-02-2018 17:30:00;21-02-2018 17:00:00;23-02-2018 17:30:00;26-02-2018 16:01:00;26-02-2018 16:01:00;26-02-2018 16:00:00;15-03-2018 16:04:06;;;Horas;Adjudicada;NO;NO;;Multiple con Orden de Compra;Decreto;DAB Nº 16;15-03-2018 0:00:00;Abierta;Una etapa;No;;No;Si;;No;0;Horas;;0;;;;A 30 dias;Transferencia Electronica, Cheque;;NO;Municipalidad de lo Barnechea - Adquisiciones - Consistorial;69.255.200-8;100155;I MUNICIPALIDAD LO BARNECHEA;MUNICIPALIDADES;Servicios de construcción y mantenimiento;Servicios de atención, mantenimiento y reparaciones de edificios;Gasfitería, calefacción y aire acondicionado;72102302;Instalación, reparación o mantenimiento de sistemas de calefacción;Instalación, reparación o mantenimiento de sistemas de calefacción;Adquisición e instalación de 4 equipos de aire acondicionado para colegio Instituto Estados Americanos.;Unidad;1;Musses Ingenieria Limitada;76.588.840-9;Ingenieria climatizacion y proyectos elctricos y TI;Micro;SUMINISTRO E INSTALACIÓN SISTEMA CLIMATIZACION;EQUIPAMIENTO Y SERVICIO GARANTIZADO, EQUIPOS ECOLÓGICOS R410;Aceptada;1;CLP;2238917;2238917;Perdedora
2735-22-L118;ADQUISICIÓN E INSTALACIÓN AIRE ACONDICIONADO;Licitación Pública Menor a 100 UTM (L1);4 EQUIPOS DE AIRE ACONDICIONADO E INSTALACIÓN DE LOS MISMOS, EN COLEGIO INSTITUTO ESTADOS AMERICANOS, LO BARNECHEA.;CLP;2420000;NO;Presupuesto disponible;Educación FAEP 2016;;16-02-2018 13:10:04;16-02-2018 17:30:00;21-02-2018 17:00:00;23-02-2018 17:30:00;26-02-2018 16:01:00;26-02-2018 16:01:00;26-02-2018 16:00:00;15-03-2018 16:04:06;;;Horas;Adjudicada;NO;NO;;Multiple con Orden de Compra;Decreto;DAB Nº 16;15-03-2018 0:00:00;Abierta;Una etapa;No;;No;Si;;No;0;Horas;;0;;;;A 30 dias;Transferencia Electronica, Cheque;;NO;Municipalidad de lo Barnechea - Adquisiciones - Consistorial;69.255.200-8;100155;I MUNICIPALIDAD LO BARNECHEA;MUNICIPALIDADES;Servicios de construcción y mantenimiento;Servicios de atención, mantenimiento y reparaciones de edificios;Gasfitería, calefacción y aire acondicionado;72102302;Instalación, reparación o mantenimiento de sistemas de calefacción;Instalación, reparación o mantenimiento de sistemas de calefacción;Adquisición e instalación de 4 equipos de aire acondicionado para colegio Instituto Estados Americanos.;Unidad;1;constructora santos limitada;76.612.166-7;obras menores de construcción ;Micro;ADQUISICIÓN E INSTALACIÓN AIRE ACONDICIONADO;ADQUISICIÓN E INSTALACIÓN AIRE ACONDICIONADO;Aceptada;1;CLP;3187124,64;3187124,64;Perdedora
2735-22-L118;ADQUISICIÓN E INSTALACIÓN AIRE ACONDICIONADO;Licitación Pública Menor a 100 UTM (L1);4 EQUIPOS DE AIRE ACONDICIONADO E INSTALACIÓN DE LOS MISMOS, EN COLEGIO INSTITUTO ESTADOS AMERICANOS, LO BARNECHEA.;CLP;2420000;NO;Presupuesto disponible;Educación FAEP 2016;;16-02-2018 13:10:04;16-02-2018 17:30:00;21-02-2018 17:00:00;23-02-2018 17:30:00;26-02-2018 16:01:00;26-02-2018 16:01:00;26-02-2018 16:00:00;15-03-2018 16:04:06;;;Horas;Adjudicada;NO;NO;;Multiple con Orden de Compra;Decreto;DAB Nº 16;15-03-2018 0:00:00;Abierta;Una etapa;No;;No;Si;;No;0;Horas;;0;;;;A 30 dias;Transferencia Electronica, Cheque;;NO;Municipalidad de lo Barnechea - Adquisiciones - Consistorial;69.255.200-8;100155;I MUNICIPALIDAD LO BARNECHEA;MUNICIPALIDADES;Servicios de construcción y mantenimiento;Servicios de atención, mantenimiento y reparaciones de edificios;Gasfitería, calefacción y aire acondicionado;72102302;Instalación, reparación o mantenimiento de sistemas de calefacción;Instalación, reparación o mantenimiento de sistemas de calefacción;Adquisición e instalación de 4 equipos de aire acondicionado para colegio Instituto Estados Americanos.;Unidad;1;INGESOL SPA;76.245.397-5;INGENIERIA OUTSOURSING Y SOLUCIONES EN CLIMATIZACION;Pequeña;4 EQUIPOS DE AIRE ACONDICIONADO E INSTALACIÓN DE LOS MISMOS EN COLEGIO INSTITUTO ESTADOS AMERICANOS LO BARNECHEA.;4 EQUIPOS DE AIRE ACONDICIONADO E INSTALACIÓN DE LOS MISMOS, EN COLEGIO INSTITUTO ESTADOS AMERICANOS, LO BARNECHEA.;Aceptada;1;CLP;2716000;2716000;Perdedora
2735-22-L118;ADQUISICIÓN E INSTALACIÓN AIRE ACONDICIONADO;Licitación Pública Menor a 100 UTM (L1);4 EQUIPOS DE AIRE ACONDICIONADO E INSTALACIÓN DE LOS MISMOS, EN COLEGIO INSTITUTO ESTADOS AMERICANOS, LO BARNECHEA.;CLP;2420000;NO;Presupuesto disponible;Educación FAEP 2016;;16-02-2018 13:10:04;16-02-2018 17:30:00;21-02-2018 17:00:00;23-02-2018 17:30:00;26-02-2018 16:01:00;26-02-2018 16:01:00;26-02-2018 16:00:00;15-03-2018 16:04:06;;;Horas;Adjudicada;NO;NO;;Multiple con Orden de Compra;Decreto;DAB Nº 16;15-03-2018 0:00:00;Abierta;Una etapa;No;;No;Si;;No;0;Horas;;0;;;;A 30 dias;Transferencia Electronica, Cheque;;NO;Municipalidad de lo Barnechea - Adquisiciones - Consistorial;69.255.200-8;100155;I MUNICIPALIDAD LO BARNECHEA;MUNICIPALIDADES;Servicios de construcción y mantenimiento;Servicios de atención, mantenimiento y reparaciones de edificios;Gasfitería, calefacción y aire acondicionado;72102302;Instalación, reparación o mantenimiento de sistemas de calefacción;Instalación, reparación o mantenimiento de sistemas de calefacción;Adquisición e instalación de 4 equipos de aire acondicionado para colegio Instituto Estados Americanos.;Unidad;1;ECUACLIMA CLIMATIZACIONES SPA;76.602.609-5;IMPORTACION, VENTA , MANTENCION Y REPARACION DE EQUIPOS DE CLIMATIZACION ;Micro;ADQUISICIÓN E INSTALACIÓN AIRE ACONDICIONADO;GARANTIA 24 MESES,PLAZO DE EJECUCION 2 DIAS HABILES UNA VEZ ACEPTADA LA ORDEN DE COMPRA ;Aceptada;1;CLP;2680000;2680000;Perdedora
2735-22-L118;ADQUISICIÓN E INSTALACIÓN AIRE ACONDICIONADO;Licitación Pública Menor a 100 UTM (L1);4 EQUIPOS DE AIRE ACONDICIONADO E INSTALACIÓN DE LOS MISMOS, EN COLEGIO INSTITUTO ESTADOS AMERICANOS, LO BARNECHEA.;CLP;2420000;NO;Presupuesto disponible;Educación FAEP 2016;;16-02-2018 13:10:04;16-02-2018 17:30:00;21-02-2018 17:00:00;23-02-2018 17:30:00;26-02-2018 16:01:00;26-02-2018 16:01:00;26-02-2018 16:00:00;15-03-2018 16:04:06;;;Horas;Adjudicada;NO;NO;;Multiple con Orden de Compra;Decreto;DAB Nº 16;15-03-2018 0:00:00;Abierta;Una etapa;No;;No;Si;;No;0;Horas;;0;;;;A 30 dias;Transferencia Electronica, Cheque;;NO;Municipalidad de lo Barnechea - Adquisiciones - Consistorial;69.255.200-8;100155;I MUNICIPALIDAD LO BARNECHEA;MUNICIPALIDADES;Servicios de construcción y mantenimiento;Servicios de atención, mantenimiento y reparaciones de edificios;Gasfitería, calefacción y aire acondicionado;72102302;Instalación, reparación o mantenimiento de sistemas de calefacción;Instalación, reparación o mantenimiento de sistemas de calefacción;Adquisición e instalación de 4 equipos de aire acondicionado para colegio Instituto Estados Americanos.;Unidad;1;EDF Cristian Ocares Retamal E.I.R.L.;76.577.971-5;OTROS TIPOS DE VENTA AL POR MENOR NO REALIZADA EN ALMACENES N.C.P.;Micro;EDF 18043 273-22-l118;4 equipos 24 mil btu, instalado en altura segun visita tecnica y especificaciones del cliente, considerando instalacion en altura y modificacion del tablero para la operacion adecuada de cada equipo;Aceptada;1;CLP;4422768;4422768;Perdedora
2735-22-L118;ADQUISICIÓN E INSTALACIÓN AIRE ACONDICIONADO;Licitación Pública Menor a 100 UTM (L1);4 EQUIPOS DE AIRE ACONDICIONADO E INSTALACIÓN DE LOS MISMOS, EN COLEGIO INSTITUTO ESTADOS AMERICANOS, LO BARNECHEA.;CLP;2420000;NO;Presupuesto disponible;Educación FAEP 2016;;16-02-2018 13:10:04;16-02-2018 17:30:00;21-02-2018 17:00:00;23-02-2018 17:30:00;26-02-2018 16:01:00;26-02-2018 16:01:00;26-02-2018 16:00:00;15-03-2018 16:04:06;;;Horas;Adjudicada;NO;NO;;Multiple con Orden de Compra;Decreto;DAB Nº 16;15-03-2018 0:00:00;Abierta;Una etapa;No;;No;Si;;No;0;Horas;;0;;;;A 30 dias;Transferencia Electronica, Cheque;;NO;Municipalidad de lo Barnechea - Adquisiciones - Consistorial;69.255.200-8;100155;I MUNICIPALIDAD LO BARNECHEA;MUNICIPALIDADES;Servicios de construcción y mantenimiento;Servicios de atención, mantenimiento y reparaciones de edificios;Gasfitería, calefacción y aire acondicionado;72102302;Instalación, reparación o mantenimiento de sistemas de calefacción;Instalación, reparación o mantenimiento de sistemas de calefacción;Adquisición e instalación de 4 equipos de aire acondicionado para colegio Instituto Estados Americanos.;Unidad;1;JUAN ALBERTO AGUILA ARANEDA;14.176.372-5;Climatización;Micro;Suministro e instalación de equipos de aire acondicionado;Suministro e instalación de equipos de aire acondicionado;Aceptada;1;CLP;2420000;2420000;Ganadora
2735-24-LQ18;ADQUISICIÓN EQUIPAMIENTO URBANO PARA ÁREAS VERDES;Licitación Pública entre a 2000 y 5000 UTM (LQ);La presente licitación tiene como objetivo la implementación del proyecto que contempla la renovación e incorporación de nuevo equipamiento para las áreas verdes, debido a que los existentes se encuentran en mal estado producto de muchos años de uso, o también porque algunas de estar partidas no están dentro del equipamiento y es necesario incluirlas para poder mejorar la calidad de las áreas verdes y con esto, la calidad de vida de los vecinos del sector.;CLP;55276522;NO;Precio Referencial;;;20-02-2018 18:26:00;20-02-2018 21:24:00;23-02-2018 15:30:00;01-03-2018 23:30:00;05-03-2018 15:31:00;05-03-2018 15:31:00;05-03-2018 15:00:00;13-04-2018 17:46:12;;;Horas;Adjudicada;NO;NO;;Multiple con Orden de Compra;Decreto;285;13-04-2018 0:00:00;Abierta;Una etapa;No;;No;Si;;No;0;Meses;;0;;;;A 30 dias;Transferencia Electronica, Cheque;;NO;Municipalidad de lo Barnechea - Adquisiciones - Consistorial;69.255.200-8;100155;I MUNICIPALIDAD LO BARNECHEA;MUNICIPALIDADES;Equipos, suministros y accesorios deportivos y recreativos;Equipos y accesorios de deportes;Accesorios para deportes;49221502;Arcos de fútbol;Arcos de fútbol;DE CONFORMIDAD A ESPECIFICACIONES TÉCNICAS;Unidad;5;SOLUCION DE NEGOCIOS LIMITADA;76.324.656-6;VENTA AL POR MAYOR DE MATERIALES DE CONSTRUCCION, ARTICULOS DE FERRETE| EMPRESAS DE PUBLICIDAD;Micro;Oferta para Adquisición 2735-24-LQ18;;Aceptada;0;;0;0;Ganadora
2735-24-LQ18;ADQUISICIÓN EQUIPAMIENTO URBANO PARA ÁREAS VERDES;Licitación Pública entre a 2000 y 5000 UTM (LQ);La presente licitación tiene como objetivo la implementación del proyecto que contempla la renovación e incorporación de nuevo equipamiento para las áreas verdes, debido a que los existentes se encuentran en mal estado producto de muchos años de uso, o también porque algunas de estar partidas no están dentro del equipamiento y es necesario incluirlas para poder mejorar la calidad de las áreas verdes y con esto, la calidad de vida de los vecinos del sector.;CLP;55276522;NO;Precio Referencial;;;20-02-2018 18:26:00;20-02-2018 21:24:00;23-02-2018 15:30:00;01-03-2018 23:30:00;05-03-2018 15:31:00;05-03-2018 15:31:00;05-03-2018 15:00:00;13-04-2018 17:46:12;;;Horas;Adjudicada;NO;NO;;Multiple con Orden de Compra;Decreto;285;13-04-2018 0:00:00;Abierta;Una etapa;No;;No;Si;;No;0;Meses;;0;;;;A 30 dias;Transferencia Electronica, Cheque;;NO;Municipalidad de lo Barnechea - Adquisiciones - Consistorial;69.255.200-8;100155;I MUNICIPALIDAD LO BARNECHEA;MUNICIPALIDADES;Muebles y mobiliario;Muebles de alojamiento;Muebles;56101532;Mobiliario;Mobiliario;Circuito Deportivo Agreste;Pack;1;SOLUCION DE NEGOCIOS LIMITADA;76.324.656-6;VENTA AL POR MAYOR DE MATERIALES DE CONSTRUCCION, ARTICULOS DE FERRETE| EMPRESAS DE PUBLICIDAD;Micro;Oferta para Adquisición 2735-24-LQ18;;Aceptada;0;;0;0;Ganadora
2735-24-LQ18;ADQUISICIÓN EQUIPAMIENTO URBANO PARA ÁREAS VERDES;Licitación Pública entre a 2000 y 5000 UTM (LQ);La presente licitación tiene como objetivo la implementación del proyecto que contempla la renovación e incorporación de nuevo equipamiento para las áreas verdes, debido a que los existentes se encuentran en mal estado producto de muchos años de uso, o también porque algunas de estar partidas no están dentro del equipamiento y es necesario incluirlas para poder mejorar la calidad de las áreas verdes y con esto, la calidad de vida de los vecinos del sector.;CLP;55276522;NO;Precio Referencial;;;20-02-2018 18:26:00;20-02-2018 21:24:00;23-02-2018 15:30:00;01-03-2018 23:30:00;05-03-2018 15:31:00;05-03-2018 15:31:00;05-03-2018 15:00:00;13-04-2018 17:46:12;;;Horas;Adjudicada;NO;NO;;Multiple con Orden de Compra;Decreto;285;13-04-2018 0:00:00;Abierta;Una etapa;No;;No;Si;;No;0;Meses;;0;;;;A 30 dias;Transferencia Electronica, Cheque;;NO;Municipalidad de lo Barnechea - Adquisiciones - Consistorial;69.255.200-8;100155;I MUNICIPALIDAD LO BARNECHEA;MUNICIPALIDADES;Equipamiento para manejo y estiba de materiales;Maquinaria para manejo de materiales;Equipo para manejo de tambores;24101907;soportes del contenedor de vertido;soportes del contenedor de vertido;SUJETA CONTENEDORES DE CONFORMIDAD A ESPECIFICACIONES TÉCNICAS;Unidad;44;ILUMINACION Y PAISAJE LIMITADA;77.888.560-3;PREPARACION DEL TERRENO, EXCAVACIONES Y MOVIMIENTOS DE TIERRAS| VENTA AL POR MAYOR DE OTROS PRODUCTOS N.C.P.| VENTA AL POR MENOR DE LAMPARAS, APLIQUES Y SIMILARES| OTRAS ACTIVIDADES EMPRESARIALES N.C.P.;Micro;Iluminación y Paisaje Ltda URBANPLAY;;Aceptada;0;;0;0;Ganadora
2735-24-LQ18;ADQUISICIÓN EQUIPAMIENTO URBANO PARA ÁREAS VERDES;Licitación Pública entre a 2000 y 5000 UTM (LQ);La presente licitación tiene como objetivo la implementación del proyecto que contempla la renovación e incorporación de nuevo equipamiento para las áreas verdes, debido a que los existentes se encuentran en mal estado producto de muchos años de uso, o también porque algunas de estar partidas no están dentro del equipamiento y es necesario incluirlas para poder mejorar la calidad de las áreas verdes y con esto, la calidad de vida de los vecinos del sector.;CLP;55276522;NO;Precio Referencial;;;20-02-2018 18:26:00;20-02-2018 21:24:00;23-02-2018 15:30:00;01-03-2018 23:30:00;05-03-2018 15:31:00;05-03-2018 15:31:00;05-03-2018 15:00:00;13-04-2018 17:46:12;;;Horas;Adjudicada;NO;NO;;Multiple con Orden de Compra;Decreto;285;13-04-2018 0:00:00;Abierta;Una etapa;No;;No;Si;;No;0;Meses;;0;;;;A 30 dias;Transferencia Electronica, Cheque;;NO;Municipalidad de lo Barnechea - Adquisiciones - Consistorial;69.255.200-8;100155;I MUNICIPALIDAD LO BARNECHEA;MUNICIPALIDADES;Equipos, suministros y accesorios deportivos y recreativos;Equipos y accesorios de deportes;Accesorios para deportes;49221502;Arcos de fútbol;Arcos de fútbol;DE CONFORMIDAD A ESPECIFICACIONES TÉCNICAS;Unidad;5;ILUMINACION Y PAISAJE LIMITADA;77.888.560-3;PREPARACION DEL TERRENO, EXCAVACIONES Y MOVIMIENTOS DE TIERRAS| VENTA AL POR MAYOR DE OTROS PRODUCTOS N.C.P.| VENTA AL POR MENOR DE LAMPARAS, APLIQUES Y SIMILARES| OTRAS ACTIVIDADES EMPRESARIALES N.C.P.;Micro;Iluminación y Paisaje Ltda URBANPLAY;;Aceptada;0;;0;0;Ganadora
2735-24-LQ18;ADQUISICIÓN EQUIPAMIENTO URBANO PARA ÁREAS VERDES;Licitación Pública entre a 2000 y 5000 UTM (LQ);La presente licitación tiene como objetivo la implementación del proyecto que contempla la renovación e incorporación de nuevo equipamiento para las áreas verdes, debido a que los existentes se encuentran en mal estado producto de muchos años de uso, o también porque algunas de estar partidas no están dentro del equipamiento y es necesario incluirlas para poder mejorar la calidad de las áreas verdes y con esto, la calidad de vida de los vecinos del sector.;CLP;55276522;NO;Precio Referencial;;;20-02-2018 18:26:00;20-02-2018 21:24:00;23-02-2018 15:30:00;01-03-2018 23:30:00;05-03-2018 15:31:00;05-03-2018 15:31:00;05-03-2018 15:00:00;13-04-2018 17:46:12;;;Horas;Adjudicada;NO;NO;;Multiple con Orden de Compra;Decreto;285;13-04-2018 0:00:00;Abierta;Una etapa;No;;No;Si;;No;0;Meses;;0;;;;A 30 dias;Transferencia Electronica, Cheque;;NO;Municipalidad de lo Barnechea - Adquisiciones - Consistorial;69.255.200-8;100155;I MUNICIPALIDAD LO BARNECHEA;MUNICIPALIDADES;Equipos, suministros y accesorios deportivos y recreativos;Equipos y accesorios de deportes;Accesorios para deportes;49221502;Arcos de fútbol;Arcos de fútbol;DE CONFORMIDAD A ESPECIFICACIONES TÉCNICAS;Unidad;5;Comercializadora Gonzalo Alfonso Barbaste Morales ;76.592.125-2;Articulos Deportivos;Pequeña;Adquisición de equipamiento urbano para áreas verdes comunales;Según especificaciones técnicas, producto nacional confeccionado en nuestra fabrica con los mas altos estándares de calidad. ;Rechazada;5;CLP;2587000;12935000;Perdedora
2735-24-LQ18;ADQUISICIÓN EQUIPAMIENTO URBANO PARA ÁREAS VERDES;Licitación Pública entre a 2000 y 5000 UTM (LQ);La presente licitación tiene como objetivo la implementación del proyecto que contempla la renovación e incorporación de nuevo equipamiento para las áreas verdes, debido a que los existentes se encuentran en mal estado producto de muchos años de uso, o también porque algunas de estar partidas no están dentro del equipamiento y es necesario incluirlas para poder mejorar la calidad de las áreas verdes y con esto, la calidad de vida de los vecinos del sector.;CLP;55276522;NO;Precio Referencial;;;20-02-2018 18:26:00;20-02-2018 21:24:00;23-02-2018 15:30:00;01-03-2018 23:30:00;05-03-2018 15:31:00;05-03-2018 15:31:00;05-03-2018 15:00:00;13-04-2018 17:46:12;;;Horas;Adjudicada;NO;NO;;Multiple con Orden de Compra;Decreto;285;13-04-2018 0:00:00;Abierta;Una etapa;No;;No;Si;;No;0;Meses;;0;;;;A 30 dias;Transferencia Electronica, Cheque;;NO;Municipalidad de lo Barnechea - Adquisiciones - Consistorial;69.255.200-8;100155;I MUNICIPALIDAD LO BARNECHEA;MUNICIPALIDADES;Muebles y mobiliario;Muebles de alojamiento;Muebles;56101532;Mobiliario;Mobiliario;Circuito Deportivo Agreste;Pack;1;ILUMINACION Y PAISAJE LIMITADA;77.888.560-3;PREPARACION DEL TERRENO, EXCAVACIONES Y MOVIMIENTOS DE TIERRAS| VENTA AL POR MAYOR DE OTROS PRODUCTOS N.C.P.| VENTA AL POR MENOR DE LAMPARAS, APLIQUES Y SIMILARES| OTRAS ACTIVIDADES EMPRESARIALES N.C.P.;Micro;Iluminación y Paisaje Ltda URBANPLAY;Se oferta por la totalidad de productos solicitados para circuito deportivo Agreste.;Aceptada;1;CLP;39206006;39206006;Ganadora
2735-24-LQ18;ADQUISICIÓN EQUIPAMIENTO URBANO PARA ÁREAS VERDES;Licitación Pública entre a 2000 y 5000 UTM (LQ);La presente licitación tiene como objetivo la implementación del proyecto que contempla la renovación e incorporación de nuevo equipamiento para las áreas verdes, debido a que los existentes se encuentran en mal estado producto de muchos años de uso, o también porque algunas de estar partidas no están dentro del equipamiento y es necesario incluirlas para poder mejorar la calidad de las áreas verdes y con esto, la calidad de vida de los vecinos del sector.;CLP;55276522;NO;Precio Referencial;;;20-02-2018 18:26:00;20-02-2018 21:24:00;23-02-2018 15:30:00;01-03-2018 23:30:00;05-03-2018 15:31:00;05-03-2018 15:31:00;05-03-2018 15:00:00;13-04-2018 17:46:12;;;Horas;Adjudicada;NO;NO;;Multiple con Orden de Compra;Decreto;285;13-04-2018 0:00:00;Abierta;Una etapa;No;;No;Si;;No;0;Meses;;0;;;;A 30 dias;Transferencia Electronica, Cheque;;NO;Municipalidad de lo Barnechea - Adquisiciones - Consistorial;69.255.200-8;100155;I MUNICIPALIDAD LO BARNECHEA;MUNICIPALIDADES;Equipamiento para manejo y estiba de materiales;Maquinaria para manejo de materiales;Equipo para manejo de tambores;24101907;soportes del contenedor de vertido;soportes del contenedor de vertido;SUJETA CONTENEDORES DE CONFORMIDAD A ESPECIFICACIONES TÉCNICAS;Unidad;44;SOLUCION DE NEGOCIOS LIMITADA;76.324.656-6;VENTA AL POR MAYOR DE MATERIALES DE CONSTRUCCION, ARTICULOS DE FERRETE| EMPRESAS DE PUBLICIDAD;Micro;Oferta para Adquisición 2735-24-LQ18;Ver oferta economica en anexo 4;Aceptada;44;CLP;365239;16070516;Ganadora
2735-24-LQ18;ADQUISICIÓN EQUIPAMIENTO URBANO PARA ÁREAS VERDES;Licitación Pública entre a 2000 y 5000 UTM (LQ);La presente licitación tiene como objetivo la implementación del proyecto que contempla la renovación e incorporación de nuevo equipamiento para las áreas verdes, debido a que los existentes se encuentran en mal estado producto de muchos años de uso, o también porque algunas de estar partidas no están dentro del equipamiento y es necesario incluirlas para poder mejorar la calidad de las áreas verdes y con esto, la calidad de vida de los vecinos del sector.;CLP;55276522;NO;Precio Referencial;;;20-02-2018 18:26:00;20-02-2018 21:24:00;23-02-2018 15:30:00;01-03-2018 23:30:00;05-03-2018 15:31:00;05-03-2018 15:31:00;05-03-2018 15:00:00;13-04-2018 17:46:12;;;Horas;Adjudicada;NO;NO;;Multiple con Orden de Compra;Decreto;285;13-04-2018 0:00:00;Abierta;Una etapa;No;;No;Si;;No;0;Meses;;0;;;;A 30 dias;Transferencia Electronica, Cheque;;NO;Municipalidad de lo Barnechea - Adquisiciones - Consistorial;69.255.200-8;100155;I MUNICIPALIDAD LO BARNECHEA;MUNICIPALIDADES;Equipamiento para manejo y estiba de materiales;Maquinaria para manejo de materiales;Equipo para manejo de tambores;24101907;soportes del contenedor de vertido;soportes del contenedor de vertido;SUJETA CONTENEDORES DE CONFORMIDAD A ESPECIFICACIONES TÉCNICAS;Unidad;44;Comercializadora Gonzalo Alfonso Barbaste Morales ;76.592.125-2;Articulos Deportivos;Pequeña;Adquisición de equipamiento urbano para áreas verdes comunales;Según especificaciones técnicas indicadas en las bases, se adjunta ficha técnica de proveedor americano y certificaciones ;Rechazada;44;CLP;499000;21956000;Perdedora
2735-24-LQ18;ADQUISICIÓN EQUIPAMIENTO URBANO PARA ÁREAS VERDES;Licitación Pública entre a 2000 y 5000 UTM (LQ);La presente licitación tiene como objetivo la implementación del proyecto que contempla la renovación e incorporación de nuevo equipamiento para las áreas verdes, debido a que los existentes se encuentran en mal estado producto de muchos años de uso, o también porque algunas de estar partidas no están dentro del equipamiento y es necesario incluirlas para poder mejorar la calidad de las áreas verdes y con esto, la calidad de vida de los vecinos del sector.;CLP;55276522;NO;Precio Referencial;;;20-02-2018 18:26:00;20-02-2018 21:24:00;23-02-2018 15:30:00;01-03-2018 23:30:00;05-03-2018 15:31:00;05-03-2018 15:31:00;05-03-2018 15:00:00;13-04-2018 17:46:12;;;Horas;Adjudicada;NO;NO;;Multiple con Orden de Compra;Decreto;285;13-04-2018 0:00:00;Abierta;Una etapa;No;;No;Si;;No;0;Meses;;0;;;;A 30 dias;Transferencia Electronica, Cheque;;NO;Municipalidad de lo Barnechea - Adquisiciones - Consistorial;69.255.200-8;100155;I MUNICIPALIDAD LO BARNECHEA;MUNICIPALIDADES;Muebles y mobiliario;Muebles de alojamiento;Muebles;56101532;Mobiliario;Mobiliario;Circuito Deportivo Agreste;Pack;1;Comercializadora Gonzalo Alfonso Barbaste Morales ;76.592.125-2;Articulos Deportivos;Pequeña;Adquisición de equipamiento urbano para áreas verdes comunales;Según especificaciones técnicas indicadas en las bases, se adjunta ficha técnica de proveedor americano y certificaciones. ;Rechazada;1;CLP;27990000;27990000;Perdedora
